id,ticker,current_price,analyst_target,analyst_target_high,analyst_target_low,upside_percent,analyst_rating,price_action,current_target,previous_target,pb_ratio,forward_pe,beta,dividend_yield,debt_to_equity,verdict,last_updated,period_high,period_low,period_years,history_updated_at
1,UPS,119.44,113.18,130,75,-5.24,Buy,Lowers,,113.18,6.25,15.08,1.09,5.56,184.32,Neutral,2026-02-10 18:26:39.728431+00:00,233.72,82,10,2026-02-10 17:45:07.401679+00:00
2,AP-UN.TO,14.08,14.12,16,12,0.32,Hold,Raises,,14.12,0.39,7.82,1.49,11.58,92.64,High Potential,2026-02-10 18:25:39.300181+00:00,60.14,12.35,10,2026-02-10 17:45:08.045163+00:00
3,TAL.TO,0.4,1.75,1.75,1.75,343.04,Strong buy,Maintains,,,0.51,12.27,0.4,20.75,19.46,Undervalued,2026-02-10 18:26:34.474231+00:00,4.5,0.11,10,2026-02-10 17:45:08.477212+00:00
4,TD.TO,133.1,129.07,139,115,-3.03,Buy,Lowers,,129.07,1.8,12.88,0.88,3.24,,Neutral,2026-02-10 18:26:34.917854+00:00,133.75,48.52,10,2026-02-10 17:45:08.964952+00:00
5,ENB.TO,68.93,70.79,80,62,2.69,Buy,Lowers,,70.79,2.58,21.25,0.85,5.65,150.84,Neutral,2026-02-10 18:25:59.947221+00:00,70.39,33.06,10,2026-02-10 17:45:09.706556+00:00
6,BCE.TO,35.14,37.36,45,31,6.32,Buy,Raises,,37.36,1.67,12.86,0.66,5.04,180.05,Defensive/Safe,2026-02-10 18:25:43.512811+00:00,74.09,28.73,10,2026-02-10 17:45:10.208276+00:00
7,T.TO,19.46,21.61,30,17,11.05,Buy,Raises,,21.61,1.88,17.97,0.82,8.69,171.49,Defensive/Safe,2026-02-10 18:26:33.830804+00:00,34.65,17.26,10,2026-02-10 17:45:10.662999+00:00
8,DRM.TO,20.71,33,38,28,59.34,Strong buy,Maintains,,,0.61,10.28,1.62,3.2,137.55,Undervalued,2026-02-10 18:25:57.080155+00:00,50.71,12.24,10,2026-02-10 17:45:11.227811+00:00
9,BNS.TO,105.18,101.87,112,92,-3.15,Hold,Lowers,,101.87,1.5,11.38,1.26,4.18,,Neutral,2026-02-10 18:25:46.463697+00:00,105.84,46.38,10,2026-02-10 17:45:11.736761+00:00
10,BTO.TO,7.49,9.1,10.49,5.84,21.44,Buy,Lowers,,9.1,2.19,7.82,1,1.49,18.92,High Potential,2026-02-10 18:25:47.202243+00:00,9.99,0.86,10,2026-02-10 17:45:12.260798+00:00
11,BIR.TO,7.05,8.81,10,8,25,Buy,Raises,,8.81,0.87,10.74,0.48,1.69,28.66,Undervalued,2026-02-10 18:25:45.489434+00:00,12.48,0.58,10,2026-02-10 17:45:13.120907+00:00
12,AEM.TO,283.98,311.15,371.54,107.28,9.57,Buy,Raises,,311.04,4.44,18.52,0.66,0.77,1.43,Neutral,2026-02-10 18:25:37.749634+00:00,305.68,37.07,10,2026-02-10 17:45:13.580762+00:00
13,CAR-UN.TO,38.46,46.62,51.14,40,21.21,Buy,Lowers,,46.62,0.69,15.35,1.02,4.05,64.19,Undervalued,2026-02-10 18:25:48.174316+00:00,62.77,25.99,10,2026-02-10 17:45:14.087592+00:00
14,BMO.TO,196.98,186.67,219,170,-5.24,Hold,Lowers,,186.67,1.61,12.1,1.2,3.4,,Neutral,2026-02-10 18:25:46.020941+00:00,197.77,55.76,10,2026-02-10 17:45:14.566703+00:00
15,BEP-UN.TO,41.91,41.74,44.57,38.72,-0.41,Buy,Lowers,,41.74,2.11,-25.49,1.02,5.04,110.59,Neutral,2026-02-10 18:25:44.755739+00:00,63.39,15.83,10,2026-02-10 17:45:15.213710+00:00
16,BB.TO,4.77,5.15,5.36,4.93,7.9,None,Lowers,,5.15,2.78,23.23,1.34,,30.82,Undervalued,2026-02-10 18:25:42.626199+00:00,36,2.89,10,2026-02-10 17:45:15.790216+00:00
17,CPKR.TO,18.28,19.5,20,18,6.67,None,Maintains,,,0.81,6.54,,5.09,15.48,High Potential,2026-02-10 18:25:51.753695+00:00,24,13.63,10,2026-02-10 17:45:16.138943+00:00
18,ARE.TO,37.13,35.34,40,30,-4.82,Hold,Raises,,35.34,2.57,21.25,1.3,2.01,66.84,Neutral,2026-02-10 18:25:39.799903+00:00,37.99,8.29,10,2026-02-10 17:45:16.665043+00:00
19,CLS.TO,411.92,553.76,582.64,529.79,34.43,Strong buy,Raises,,553.73,15.63,36.36,1.5,,38.8,Undervalued,2026-02-10 18:25:50.079478+00:00,512.83,3.83,10,2026-02-10 17:45:17.108014+00:00
20,ACO-X.TO,59.4,60.43,69,54,1.73,Buy,Lowers,,60.43,1.4,12.6,0.48,3.45,146.21,Defensive/Safe,2026-02-10 18:25:36.566899+00:00,60.82,27.72,10,2026-02-10 17:45:17.683246+00:00
21,BYD.TO,247.83,267.81,289.62,193.18,8.06,Buy,Raises,,267.8,4.59,40.76,0.54,0.25,158.71,Neutral,2026-02-10 18:25:47.409384+00:00,324.75,54.16,10,2026-02-10 17:45:18.141998+00:00
22,BDT.TO,31.6,34.12,39,31,7.99,Strong buy,Raises,,34.12,3.83,11.83,0.86,2.64,75.72,Neutral,2026-02-10 18:25:43.983537+00:00,32.67,3.96,10,2026-02-10 17:45:18.613722+00:00
23,CCO.TO,161.24,168.18,201,120,4.3,Buy,Lowers,,168.18,10.35,86.63,1.1,0.15,14.85,Neutral,2026-02-10 18:25:48.797777+00:00,182.72,7.69,10,2026-02-10 17:45:19.116580+00:00
24,HME.V,2.12,2.96,3.42,2.5,39.62,Strong buy,Lowers,,2.96,2.55,7.92,0.7,4.72,4.04,Undervalued,2026-02-10 18:26:06.511236+00:00,2.39,0.04,10,2026-02-10 17:45:19.541700+00:00
25,BDGI.TO,68.6,81.94,86,75,19.45,Buy,Raises,,81.94,5.79,21.44,0.94,1.1,88.59,Undervalued,2026-02-10 18:25:43.765396+00:00,82.57,18,10,2026-02-10 17:45:20.015010+00:00
26,ATH.TO,7.99,8.03,9,6.5,0.47,Buy,Lowers,,8.03,2.19,18.19,1.02,,10.64,Neutral,2026-02-10 17:45:20.466898+00:00,8.66,0.1,10,2026-02-10 17:45:20.466820+00:00
27,CCA.TO,67.68,75.66,100,67,11.79,Buy,Lowers,,75.66,0.88,8.19,0.65,5.88,123.25,High Potential,2026-02-10 18:25:48.393113+00:00,132,50.78,10,2026-02-10 17:45:20.942822+00:00
28,BTE.TO,4.82,5.09,6,4,5.62,Hold,Raises,,5.09,0.88,16.36,0.8,1.85,48.05,High Potential,2026-02-10 18:25:46.964689+00:00,9.16,0.27,10,2026-02-10 17:45:23.301858+00:00
29,CP.TO,112.58,121.25,130,101,7.7,Buy,Lowers,,121.6,2.2,18.71,1.09,0.83,51.2,Neutral,2026-02-10 18:25:51.501219+00:00,123.37,28,10,2026-02-10 17:45:23.947095+00:00
30,NA.TO,172.9,170.29,188,132,-1.51,Hold,Lowers,,170.29,2.1,12.26,1.11,2.88,,Neutral,2026-02-10 18:26:17.456261+00:00,177.54,34.86,10,2026-02-10 17:45:24.599160+00:00
31,RY.TO,236.89,235.27,260,196,-0.69,Buy,Lowers,,235.27,2.6,13.33,1.01,2.78,,Neutral,2026-02-10 18:26:27.762779+00:00,240.34,64.52,10,2026-02-10 17:45:25.169151+00:00
32,CCL-B.TO,86.31,97.91,105,94,13.44,Buy,Lowers,,97.91,2.68,17.32,0.5,1.5,47.05,Undervalued,2026-02-10 18:25:48.614230+00:00,89.16,34.3,10,2026-02-10 17:45:26.034917+00:00
33,BHC.TO,8.44,6.71,6.71,6.71,-20.45,Hold,Raises,,6.71,-4.05,1.39,0.38,,5910.67,High Potential,2026-02-10 18:25:44.961738+00:00,149.01,5.1,10,2026-02-10 17:45:26.502431+00:00
34,AC.TO,20.34,24.52,32,17.8,20.54,Buy,Lowers,,24.52,2.76,8.93,1.62,,539.62,High Potential,2026-02-10 18:25:36.359130+00:00,52.71,6.81,10,2026-02-10 17:45:26.977020+00:00
35,CEU.TO,15.12,15.34,16.5,13.25,1.48,Strong buy,Raises,,15.34,4.04,14.11,1.02,1.12,61.7,Neutral,2026-02-10 18:25:49.025596+00:00,15.47,0.53,10,2026-02-10 17:45:27.448655+00:00
36,CG.TO,25.4,31.22,39.96,17.11,22.92,Buy,Raises,,31.21,1.93,11.86,1.27,1.11,0.91,High Potential,2026-02-10 18:25:49.245731+00:00,27.55,4.76,10,2026-02-10 17:45:27.953444+00:00
37,ATD.TO,80.53,83.85,90.37,76.82,4.12,Buy,Raises,,83.83,3.57,16.84,0.67,1.08,101.32,Neutral,2026-02-10 18:25:40.571537+00:00,87.27,25.54,10,2026-02-10 17:45:28.563813+00:00
38,CIGI.TO,199.27,238.08,250.68,225.47,19.47,Buy,Raises,,238.02,5.15,18.57,1.46,0.21,92.23,Undervalued,2026-02-10 18:25:49.659168+00:00,239.26,42.8,10,2026-02-10 17:45:29.247876+00:00
39,CNQ.TO,52.94,52.05,61,43,-1.69,Buy,Lowers,,52.05,2.73,18.23,1,4.42,46.26,Neutral,2026-02-10 18:25:50.727795+00:00,56.49,4.8,10,2026-02-10 17:45:29.728395+00:00
40,ATS.TO,42.42,49.2,57,42.4,15.98,Buy,Lowers,,49.2,2.31,18.23,1.16,,88.16,Neutral,2026-02-10 18:25:41.267865+00:00,64.8,8.29,10,2026-02-10 17:45:30.223680+00:00
41,ATZ.TO,115.12,152.08,168,120,32.1,Strong buy,Lowers,,152.08,9.9,29.47,1.65,,77.42,Undervalued,2026-02-10 18:25:41.471563+00:00,139.59,9.2,10,2026-02-10 17:45:30.693065+00:00
42,AYA.TO,24.27,32.09,38.59,28.79,32.22,Strong buy,Raises,,32.08,6.35,27.44,1.34,,28.53,Undervalued,2026-02-10 18:25:41.921272+00:00,30.15,0.4,10,2026-02-10 17:45:31.161779+00:00
43,CJT.TO,97.6,113.21,143,90,16,Buy,Raises,,113.21,2,23.8,1.08,1.46,116.19,Neutral,2026-02-10 18:25:49.847029+00:00,250.01,22.11,10,2026-02-10 17:45:31.615712+00:00
44,MCS.V,1.75,,,,0,None,Maintains,,,0.68,,0.81,2.91,,Neutral,2026-02-10 18:26:15.212963+00:00,2.92,0.37,10,2026-02-10 17:45:32.054358+00:00
45,AQN.TO,8.9,8.71,8.71,8.71,-2.15,Hold,Lowers,,8.71,1.12,17.62,0.83,4.17,127.17,Defensive/Safe,2026-02-10 18:25:39.573251+00:00,22.67,6.03,10,2026-02-10 17:45:32.543340+00:00
46,AG.TO,32.07,39,52,35,21.61,Buy,Lowers,,39.75,4.43,37.82,1.54,0.09,7.89,Undervalued,2026-02-10 18:25:37.980190+00:00,38.2,3.5,10,2026-02-10 17:45:32.998102+00:00
47,AAV.TO,11.07,14.64,20,13.5,32.22,Buy,Lowers,,14.64,1.1,10.04,0.8,,49.48,Undervalued,2026-02-10 18:25:35.283914+00:00,13.2,0.98,10,2026-02-10 17:45:33.458807+00:00
48,AIF.TO,42.78,61.14,67,52,42.92,Buy,Raises,,61.14,2.23,21.49,0.96,1.41,23.88,Undervalued,2026-02-10 18:25:38.379364+00:00,72.33,16.9,10,2026-02-10 17:45:33.900102+00:00
49,AGI.TO,60.54,73.9,89.38,64.4,22.06,Strong buy,Raises,,73.89,4.62,16.64,0.94,0.23,6.83,Undervalued,2026-02-10 18:25:38.177231+00:00,61.83,3.27,10,2026-02-10 17:45:34.356588+00:00
50,ATRL.TO,105.63,119.13,135,98,12.78,Buy,Raises,,119.13,3.17,22.04,1.09,0.08,23.59,Neutral,2026-02-10 18:25:41.057604+00:00,106.82,15.47,10,2026-02-10 17:45:34.840429+00:00
51,ALA.TO,42.3,47.09,50,40,11.34,Buy,Raises,,47.09,1.52,17.83,0.48,3.17,118.54,Defensive/Safe,2026-02-10 18:25:38.615614+00:00,44.37,8.71,10,2026-02-10 17:45:35.331606+00:00
52,BLX.TO,26.88,35,39,30,30.21,Buy,Maintains,,,1.81,21.02,0.07,2.46,237.92,Undervalued,2026-02-10 18:25:45.774299+00:00,56.7,13.51,10,2026-02-10 17:45:35.802111+00:00
53,CNR.TO,144.74,152.5,190,132,5.36,Buy,Lowers,,154.05,4.12,16.89,0.86,2.61,101.64,Neutral,2026-02-10 18:25:51.001514+00:00,181.34,66.62,10,2026-02-10 17:45:36.298951+00:00
54,BBU-UN.TO,50.38,,,,0,Buy,Maintains,,,3.38,-268.18,1.3,0.68,283.93,Neutral,2026-02-10 18:25:43.231636+00:00,52.1,15.03,10,2026-02-10 17:45:37.089687+00:00
55,BEI-UN.TO,68.36,81.36,88.5,77,19.02,Buy,Raises,,81.36,0.67,14.59,0.93,2.38,78.07,Undervalued,2026-02-10 18:25:44.172163+00:00,91.81,15.8,10,2026-02-10 17:45:39.009176+00:00
56,CHP-UN.TO,15.68,16.25,17.5,15.5,3.64,Buy,Maintains,,,1.09,14.54,0.84,4.92,269.88,Defensive/Safe,2026-02-10 18:25:49.434995+00:00,15.91,10.58,10,2026-02-10 17:45:39.447051+00:00
57,BIP-UN.TO,52.63,56.94,56.94,56.94,8.19,Buy,Raises,,56.94,3.63,25.75,1.1,4.75,193.5,Undervalued,2026-02-10 18:25:45.225652+00:00,57.08,17.82,10,2026-02-10 17:45:39.990164+00:00
58,ARX.TO,23.53,29.02,35,25,23.35,Buy,Raises,,29.02,1.62,11.46,0.28,3.65,46.9,Undervalued,2026-02-10 18:25:40.367030+00:00,31.56,2.42,10,2026-02-10 17:45:40.513040+00:00
59,CM.TO,132.57,127.87,142,100,-3.55,Buy,Lowers,,127.87,1.97,12.03,1.28,3.22,,Neutral,2026-02-10 18:25:50.300753+00:00,133.22,33.76,10,2026-02-10 17:45:41.363701+00:00
60,BAM.TO,70.98,83.71,93.49,77.28,17.93,Buy,Raises,,83.7,9.33,27.92,1.54,3.94,18.17,Undervalued,2026-02-10 18:25:42.367858+00:00,90.24,28.23,10,2026-02-10 17:45:41.780414+00:00
61,ARIS.TO,26.15,36.79,40.96,29.6,40.7,Strong buy,Raises,,36.78,3.44,9.47,1.68,,36.51,Undervalued,2026-02-10 18:25:40.046319+00:00,29.3,0.9,10,2026-02-10 17:45:42.328612+00:00
62,BN.TO,64.35,68.16,75.88,61.61,5.92,Buy,Lowers,,68.16,2.49,,2.03,0.52,161.25,Neutral,2026-02-10 18:25:46.231114+00:00,68.44,13.54,10,2026-02-10 17:45:42.990923+00:00
63,CAE.TO,44.36,47.15,57,34,6.3,Buy,Raises,,47.15,2.8,29.7,1.16,,65.22,Neutral,2026-02-10 18:25:47.937096+00:00,47.65,13.04,10,2026-02-10 17:45:43.778085+00:00
64,ABX.TO,63.44,77.69,99.89,41.71,22.46,Buy,Raises,,77.68,2.93,14.83,0.98,3.62,13.9,High Potential,2026-02-10 18:25:36.147320+00:00,74,10.62,10,2026-02-10 17:45:44.350981+00:00
65,BBD-B.TO,249.53,248.5,295.3,188.46,-0.41,Buy,Raises,,248.46,-9.52,23.71,2.21,,,High Potential,2026-02-10 18:25:42.991595+00:00,276.18,6.5,10,2026-02-10 17:45:44.835594+00:00
66,ABX,8.14,13.5,15,11,65.95,Strong buy,Maintains,,,1.83,8.38,-0.1,2.55,94.29,Undervalued,2026-02-10 18:25:35.729071+00:00,13.25,4.6,10,2026-02-10 17:45:45.232233+00:00
67,AEM,209.55,237.31,330,80,13.25,Buy,Lowers,,237.31,4.48,18.55,0.66,0.76,1.43,Neutral,2026-02-10 18:25:37.437920+00:00,225,26.1,10,2026-02-10 17:45:46.006854+00:00
68,COST,978.11,1047.1,1205,650,7.05,Buy,Lowers,,1047.1,14.33,44.03,1.01,0.52,26.97,Neutral,2026-02-10 18:25:51.278543+00:00,1078.23,138.57,10,2026-02-10 17:45:46.466271+00:00
69,CPX.TO,58.63,74.54,82,51.5,27.14,Buy,Raises,,74.54,2,22.73,0.44,4.57,137.08,High Potential,2026-02-10 18:25:51.993297+00:00,73.8,16.37,10,2026-02-10 17:45:47.034662+00:00
70,CRR-UN.TO,15.87,16.67,17.5,15.5,5.02,Buy,Lowers,,16.67,1.6,23.61,0.96,5.71,129.15,Neutral,2026-02-10 18:25:52.485303+00:00,19.09,9.26,10,2026-02-10 17:45:47.563901+00:00
71,CRT-UN.TO,16.84,17.02,17.5,16.5,1.1,Hold,Raises,,17.02,2.09,13.17,0.85,5.63,73.16,Defensive/Safe,2026-02-10 18:25:52.725034+00:00,18.46,9.14,10,2026-02-10 17:45:48.156360+00:00
72,CS.TO,15.74,17.47,20,14,10.98,Strong buy,Lowers,,17.47,2.64,15.91,2.2,,43.27,Neutral,2026-02-10 18:25:52.938258+00:00,18.04,0.27,10,2026-02-10 17:45:48.686535+00:00
73,CSH-UN.TO,21.1,23.23,25,22,10.08,Strong buy,Lowers,,23.23,4.3,87.29,0.86,2.93,193.46,Undervalued,2026-02-10 18:25:53.405266+00:00,21.62,6.25,10,2026-02-10 17:45:49.303576+00:00
74,CSU.TO,2438.23,4426.09,5310.05,3139.19,81.53,Strong buy,Lowers,,4426.78,10.9,17.77,0.72,0.23,132.64,Undervalued,2026-02-10 18:25:53.761045+00:00,5300,427.99,10,2026-02-10 17:45:50.097251+00:00
75,CTC.TO,210,,,,0,None,Maintains,,,1.9,,0.99,3.43,157.09,Neutral,2026-02-10 18:25:54.153432+00:00,425,140,10,2026-01-04 03:19:26.245439+00:00
76,CU.TO,43.52,43.43,45,41,-0.21,Hold,Lowers,,43.43,2.2,17.49,0.65,4.22,168.45,Defensive/Safe,2026-02-10 18:25:54.415803+00:00,45,25.25,10,2026-02-05 13:11:11.522331+00:00
77,CURA.TO,3.29,4.89,5.88,4.36,48.64,Strong buy,Raises,,4.89,2.27,-13.97,1.44,,116.8,Undervalued,2026-02-10 18:25:54.633949+00:00,19.05,0.99,10,2026-02-10 17:45:51.464253+00:00
78,CVE.TO,28.62,29.06,33,24,1.53,Buy,Lowers,,29.06,1.79,20.88,0.61,2.81,35.32,Defensive/Safe,2026-02-10 18:25:54.914856+00:00,31.19,2.06,10,2026-02-10 17:45:51.961475+00:00
79,DFY.TO,65.41,80.64,93,74,23.28,Buy,Lowers,,80.64,1.96,19.22,0.1,1.15,29.04,Undervalued,2026-02-10 18:25:55.441302+00:00,79.95,26,10,2026-02-10 17:45:52.387567+00:00
80,DIR-UN.TO,13.46,14.68,15.75,13.5,9.03,Strong buy,Lowers,,14.68,0.8,12.07,1.28,5.24,69.34,Undervalued,2026-02-10 18:25:55.668637+00:00,17.6,6.02,10,2026-02-10 17:45:52.863949+00:00
81,DML.TO,5.29,6.05,8.25,5.5,14.29,Strong buy,Lowers,,6.05,11.78,-81.01,1.64,,148.55,Undervalued,2026-02-10 18:25:56.144486+00:00,5.97,0.24,10,2026-02-10 17:45:53.320310+00:00
82,DOL.TO,189.4,211.38,235,125,11.6,None,Lowers,,211.38,39.92,35.97,0.25,0.22,415.13,Neutral,2026-02-10 18:25:56.383278+00:00,209.96,23.43,10,2026-02-10 17:45:53.809913+00:00
83,DOO.TO,107.42,118.95,142,98,10.73,Buy,Lowers,,118.95,13.85,18.31,1.27,0.8,483.04,Neutral,2026-02-10 18:25:56.588624+00:00,129.98,13.87,10,2026-02-10 17:45:54.305433+00:00
84,DPM.TO,52.81,57.11,65.55,44.35,8.15,Strong buy,Raises,,57.11,3.54,13.43,1.03,0.42,0.66,Neutral,2026-02-10 18:25:56.809810+00:00,55.24,0.84,10,2026-02-10 17:45:54.840541+00:00
85,DSG.TO,93.03,131.97,131.97,131.97,41.86,Buy,Lowers,,131.99,3.77,32.06,0.41,,0.49,Undervalued,2026-02-10 18:25:57.300334+00:00,177.98,20.94,10,2026-02-10 17:45:55.351135+00:00
86,DSV.TO,10.03,13.57,15,11.5,35.31,Strong buy,Raises,,13.57,10.47,19.38,2.36,,,Undervalued,2026-02-10 18:25:57.508788+00:00,12.48,0.01,10,2026-02-10 17:45:55.832971+00:00
87,EDR.TO,16.29,23.3,29,20,43.03,Strong buy,Raises,,23.3,6.89,23.79,2.1,,31.74,Undervalued,2026-02-10 18:25:57.719373+00:00,20.7,1.3,10,2026-02-10 17:45:56.322907+00:00
88,EFN.TO,36.04,42.55,50,39,18.06,Buy,Lowers,,42.55,3.74,17.27,0.57,1.46,338.96,Undervalued,2026-02-10 18:25:57.934641+00:00,38.26,3.21,10,2026-02-10 17:45:57.087971+00:00
89,EFR.TO,29.45,41.75,47,34.5,41.77,Strong buy,Raises,,41,7.26,130.24,1.68,,,Undervalued,2026-02-10 18:25:58.188166+00:00,38.37,1.1,10,2026-02-10 17:45:57.770430+00:00
90,EFX.TO,24.43,25.93,28,22.5,6.13,Buy,Lowers,,25.93,1.89,11.71,1.92,0.69,62.42,Neutral,2026-02-10 18:25:58.701871+00:00,26.81,4.18,10,2026-02-10 17:45:58.441011+00:00
91,EIF.TO,98.5,104.85,120,80,6.44,Buy,Lowers,,104.85,3.24,23.25,0.82,2.79,151.99,Defensive/Safe,2026-02-10 18:25:58.961886+00:00,101.18,12.57,10,2026-02-10 17:45:59.130119+00:00
92,ELD.TO,58.11,68.45,99.9,45.05,17.8,Buy,Raises,,68.45,2.08,10.5,1.3,0.73,31.15,Neutral,2026-02-10 18:25:59.203942+00:00,69.46,3.36,10,2026-02-10 17:45:59.697591+00:00
93,EMA.TO,66.24,69,78,55,4.17,Hold,Raises,,68.79,1.65,19.35,0.51,4.39,153.1,Defensive/Safe,2026-02-10 18:25:59.469142+00:00,69.75,38.09,10,2026-02-10 17:46:00.357822+00:00
94,EMP-A.TO,47.9,52,55,48,8.56,Hold,Maintains,,,2.01,13,0.39,1.79,135.07,Undervalued,2026-02-10 18:25:59.703309+00:00,58.32,14.74,10,2026-02-10 17:46:01.285861+00:00
95,EQB.TO,118.51,108.89,130,91,-8.12,Buy,Lowers,,108.89,1.39,8.86,1.3,1.86,,Neutral,2026-02-10 18:26:00.278487+00:00,119.06,18.08,10,2026-02-10 17:46:02.120196+00:00
96,EQX.TO,21.4,26.32,32.47,20.85,23.01,Buy,Raises,,26.32,2.2,17.25,2.14,,34.77,High Potential,2026-02-10 18:26:00.597544+00:00,23.49,3.23,10,2026-02-10 17:46:02.663636+00:00
97,ERO.TO,41.97,44.56,56,31,6.18,Buy,Raises,,44.56,3.59,8.05,1.56,,71.61,Neutral,2026-02-10 18:26:00.802404+00:00,53.69,4.7,10,2026-02-10 17:46:03.101285+00:00
98,FCR-UN.TO,20.45,21.72,23,19.5,6.23,Buy,Raises,,21.72,1.08,15.42,0.85,4.49,99.38,Defensive/Safe,2026-02-10 18:26:01.032058+00:00,23.31,11.09,10,2026-02-10 17:46:03.825512+00:00
99,FFH.TO,2323.9,2581.6,3177.28,1589.08,11.09,Hold,Raises,,2580.72,1.41,11.43,0.5,0.9,45.52,Neutral,2026-02-10 18:26:01.235064+00:00,2700,319.37,10,2026-02-10 17:46:04.408406+00:00
100,FM.TO,38.5,41.43,50.65,29.26,7.61,Buy,Raises,,41.41,2.06,34.03,1.92,,62.26,Neutral,2026-02-10 18:26:01.450618+00:00,45.38,2.15,10,2026-02-10 17:46:04.958453+00:00
101,FNV.TO,339.82,371.21,475.6,300.31,9.24,Buy,Raises,,371.09,6.85,35.18,0.83,0.72,,Neutral,2026-02-10 18:26:01.663075+00:00,368.63,58.67,10,2026-02-10 17:46:05.448132+00:00
102,FRU.TO,16.6,16.96,22,15,2.16,Buy,Lowers,,16.96,2.63,18.04,0.87,6.46,27.54,Neutral,2026-02-10 18:26:01.909521+00:00,17.78,2.3,10,2026-02-10 17:46:06.011909+00:00
103,FSV.TO,223.07,255.54,255.54,255.54,14.56,Buy,Raises,,255.5,5.43,25.88,0.93,0.75,83.46,Undervalued,2026-02-10 18:26:02.303345+00:00,290.34,45.3,10,2026-02-10 17:46:06.522866+00:00
104,FTS,54.54,48.5,49,48,-11.07,Hold,Raises,,47,1.67,20.43,0.44,3.35,131.1,Defensive/Safe,2026-02-10 18:26:02.510261+00:00,55.34,24.63,10,2026-02-10 17:46:06.988476+00:00
105,FTS.TO,73.88,73.77,79,67,-0.16,Hold,Lowers,,73.77,1.65,20.09,0.44,3.42,131.1,Defensive/Safe,2026-02-10 18:26:02.762301+00:00,75.49,35.53,10,2026-02-10 17:46:07.566043+00:00
106,FTT.TO,89.66,92,102,72,2.61,Buy,Raises,,87.67,4.23,18.53,1.26,1.34,99.17,Neutral,2026-02-10 18:26:03.015933+00:00,90.84,10.59,10,2026-02-10 17:46:08.042507+00:00
107,FVI.TO,14.9,17.4,18.47,15.85,16.78,Buy,Raises,,17.4,2.07,8.98,1.68,,12.77,Undervalued,2026-02-10 18:26:03.308612+00:00,17.14,2.05,10,2026-02-10 17:46:08.510559+00:00
108,GEI.TO,27.36,27.54,30,24,0.65,Buy,Lowers,,27.54,5.16,19.13,0.62,6.25,314.24,Defensive/Safe,2026-02-10 18:26:03.572471+00:00,28.34,10.96,10,2026-02-10 17:46:09.031757+00:00
109,GFL.TO,58.8,75.73,89,60,28.78,Buy,Lowers,,75.73,2.77,59.34,0.56,0.14,100.87,Undervalued,2026-02-10 18:26:03.778902+00:00,71.82,16.85,10,2026-02-10 17:46:09.480895+00:00
110,GIB-A.TO,109.41,151.15,185,132,38.15,Buy,Raises,,151.15,2.35,12.6,0.41,0.62,43.48,Undervalued,2026-02-10 18:26:04.047487+00:00,175.35,52.61,10,2026-02-10 17:46:09.986945+00:00
111,GIL.TO,97.99,98.89,126.83,85.37,0.92,Buy,Raises,,98.86,7.18,14.67,1.03,1.27,126.83,Neutral,2026-02-10 18:26:04.247014+00:00,99,13.64,10,2026-02-10 17:46:10.485121+00:00
112,GMIN.TO,46.84,57,65,45,21.69,Strong buy,Raises,,56.46,5.84,22.43,0.51,,8.96,High Potential,2026-02-10 18:26:04.451167+00:00,52.94,0.5,10,2026-02-10 17:46:10.880500+00:00
113,GRT-UN.TO,88.86,92.9,100,87,4.55,Strong buy,Raises,,92.9,0.98,13.85,,3.89,60.59,High Potential,2026-02-10 18:26:04.903156+00:00,105.79,35.6,10,2026-02-10 17:46:11.348773+00:00
114,GSY.TO,130.21,196.27,275,135,50.74,Buy,Raises,,196.27,1.7,6.25,1.12,4.49,386.31,Undervalued,2026-02-10 18:26:05.362364+00:00,218.35,15.34,10,2026-02-10 17:46:11.839997+00:00
115,GWO.TO,60.43,67.58,75,47,11.84,Buy,Raises,,67.58,2.05,11.92,0.7,4.08,26.3,Defensive/Safe,2026-02-10 18:26:05.594307+00:00,68.56,18.88,10,2026-02-10 17:46:12.345745+00:00
116,H.TO,54.72,52.07,60,45,-4.84,Hold,Raises,,52.07,2.6,24.04,0.38,2.45,147.96,Defensive/Safe,2026-02-10 18:26:05.883893+00:00,55.71,18.57,10,2026-02-10 17:46:13.040614+00:00
117,HBM.TO,34.54,35.74,46.81,24.97,3.46,Strong buy,Raises,,35.73,3.25,17.59,1.95,0.06,38.67,Neutral,2026-02-10 18:26:06.265636+00:00,38.8,1.66,10,2026-02-10 17:46:13.648892+00:00
118,HR-UN.TO,10.88,11.75,13,10.5,8,Buy,Raises,,11.62,0.64,8.69,1.19,5.55,82.82,High Potential,2026-02-10 18:26:07.801961+00:00,23.83,7.39,10,2026-02-10 17:46:14.164667+00:00
119,HWX.TO,11.74,11.28,13,10,-3.98,Buy,Lowers,,11.28,3.73,17.12,1.03,3.75,0.3,Neutral,2026-02-10 18:26:08.048145+00:00,11.9,0.36,10,2026-02-10 17:46:14.671760+00:00
120,IAG.TO,171.38,184.14,192,167,7.45,Buy,Raises,,184.14,2.16,11.98,0.82,2.3,34.42,Defensive/Safe,2026-02-10 18:26:08.451068+00:00,182.99,30.38,10,2026-02-10 17:46:15.174487+00:00
121,IFC.TO,261.66,318.92,364,288,21.88,Buy,Raises,,318.92,2.5,14.74,0.26,2.02,27.34,Undervalued,2026-02-10 18:26:09.149514+00:00,317.35,77.49,10,2026-02-10 17:46:15.694972+00:00
122,IGM.TO,67.1,68.12,82,60,1.53,Hold,Raises,,68.12,1.78,13.43,1.18,3.35,28.46,Neutral,2026-02-10 18:26:09.373667+00:00,68.55,20.96,10,2026-02-10 17:46:16.161661+00:00
123,IIP-UN.TO,13.34,13.55,13.55,13.55,1.54,Underperform,Raises,,13.55,0.82,19.71,1.03,2.97,76.39,Undervalued,2026-02-10 18:26:09.643157+00:00,19.05,6.21,10,2026-02-10 17:46:16.700937+00:00
124,IMG.TO,29.28,33.07,36.96,26.87,12.93,Buy,Raises,,33.06,3.46,10.62,1.98,,30.47,Neutral,2026-02-10 18:26:09.840006+00:00,30.3,1.26,10,2026-02-10 17:46:17.170528+00:00
125,IMO.TO,154.27,115.41,155,98,-25.19,Underperform,Raises,,115.41,3.24,20.01,0.96,2.25,17.84,Neutral,2026-02-10 18:26:10.121761+00:00,155.56,10.27,10,2026-02-10 17:46:17.676399+00:00
126,IPCO.TO,30.06,26.2,29.44,23.83,-12.82,Buy,Raises,,26.2,2.68,49.81,1.14,,51.74,Overvalued,2026-02-10 18:26:10.579752+00:00,30.6,1.42,10,2026-02-10 17:46:18.133417+00:00
127,IVN.TO,17.66,18.83,23.84,14.83,6.62,Buy,Lowers,,18.83,3.16,33.49,1.9,,20.72,Neutral,2026-02-10 18:26:10.833270+00:00,21.32,0.53,10,2026-02-10 17:46:18.642749+00:00
128,JWEL.TO,37.2,42.92,46,40.5,15.37,Strong buy,Lowers,,42.92,3.21,15.36,0.88,2.46,84.8,Undervalued,2026-02-10 18:26:11.027558+00:00,46.01,16.44,10,2026-02-10 17:46:19.074402+00:00
129,K.TO,45.9,50.13,64.89,12.19,9.21,Buy,Raises,,50.12,5.11,14.51,1.26,0.42,15.57,Neutral,2026-02-10 18:26:11.261403+00:00,53.57,1.91,10,2026-02-10 17:46:19.543435+00:00
130,KEL.TO,8.22,9.78,11.5,8.5,18.99,Strong buy,Lowers,,9.78,1.47,19.9,0.41,,16.74,Undervalued,2026-02-10 18:26:11.469364+00:00,10.01,0.67,10,2026-02-10 17:46:20.023231+00:00
131,KEY.TO,47.96,51.69,62,43,7.78,Buy,Raises,,51.69,3.92,19.12,0.87,4.47,236.26,Neutral,2026-02-10 18:26:11.722724+00:00,49.19,10.04,10,2026-02-10 17:46:20.503822+00:00
132,KMP-UN.TO,17.84,20.48,23,18,14.79,Buy,Lowers,,20.48,0.67,13.98,1.02,4.04,71.14,Undervalued,2026-02-10 18:26:11.968750+00:00,24.15,9.8,10,2026-02-10 17:46:20.977026+00:00
133,KNT.TO,28.23,33.08,38,29,17.17,Strong buy,Lowers,,33.08,7.3,13.02,0.94,,8.7,Undervalued,2026-02-10 18:26:12.273203+00:00,29.61,0.4,10,2026-02-10 17:46:21.483125+00:00
134,KXS.TO,128.12,211.06,250.41,135.51,64.74,Buy,Raises,,211,5.9,25.52,0.88,,10.96,Undervalued,2026-02-10 18:26:12.868906+00:00,229.98,32.6,10,2026-02-10 17:46:21.948790+00:00
135,L.TO,66.14,64.18,72,39,-2.96,Buy,Raises,,64.18,6.87,23.77,0.47,0.83,174.08,Neutral,2026-02-10 18:26:13.088247+00:00,67.7,12.25,10,2026-02-10 17:46:22.429716+00:00
136,LB.TO,40.09,40.38,40.5,40,0.71,Hold,Lowers,,40.38,0.65,11.73,1.37,4.69,,High Potential,2026-02-10 18:26:13.338318+00:00,62.9,24.37,10,2026-02-10 17:46:23.805821+00:00
137,LIF.TO,29.93,30.9,36,28.5,3.24,None,Lowers,,30.9,2.97,12.47,0.86,5.19,,Neutral,2026-02-10 18:26:13.568025+00:00,51,6.85,10,2026-02-10 17:46:25.344085+00:00
138,LNR.TO,89.92,94.83,103,85,5.46,Buy,Raises,,94.83,0.89,7.79,1.3,1.31,35.8,High Potential,2026-02-10 18:26:13.930941+00:00,91.98,24.57,10,2026-02-10 17:46:25.886422+00:00
139,LSPD.TO,12.54,19.64,29.8,11.89,56.65,Buy,Raises,,19.64,0.84,16.4,2.18,,1.15,High Potential,2026-02-10 18:26:14.172039+00:00,165.87,10.5,10,2026-02-10 17:46:26.302004+00:00
140,LUG.TO,107.5,113.23,141,90,5.33,Hold,Raises,,113.23,14.37,21.89,1.24,4.09,,Neutral,2026-02-10 18:26:14.403339+00:00,125.75,3.8,10,2026-02-10 17:46:27.345394+00:00
141,LUN.TO,34.32,34.12,41.7,25.52,-0.6,Buy,Lowers,,34.12,3.64,29.09,1.76,0.32,8.93,Neutral,2026-02-10 18:26:14.691841+00:00,38.85,2.98,10,2026-02-10 17:46:27.835140+00:00
142,MDA.TO,35.94,46.9,60,38,30.5,Buy,Lowers,,46.9,3.41,24.01,-0.04,,32.45,Undervalued,2026-02-10 18:26:15.417987+00:00,48.31,5.59,10,2026-02-10 17:46:28.244032+00:00
143,MFC.TO,51.91,54.41,60,41.1,4.81,Buy,Lowers,,54.41,1.79,11.17,0.87,3.41,42.68,Neutral,2026-02-10 18:26:15.861029+00:00,52.97,12.58,10,2026-02-10 17:46:28.710179+00:00
144,MFI.TO,27.1,34,42,27,25.46,None,Maintains,,,2.06,17.36,0.95,3.22,100.36,High Potential,2026-02-10 18:26:16.061359+00:00,37.08,17.04,10,2026-02-10 17:46:29.220765+00:00
145,MG.TO,75.45,69.14,87.82,61.68,-8.36,Hold,Lowers,,69.14,1.24,8.86,1.72,3.69,57.81,Neutral,2026-02-10 18:26:16.267215+00:00,126,33.22,10,2026-02-10 17:46:29.852846+00:00
146,MRU.TO,94.56,102.45,113,80,8.35,Buy,Raises,,102.45,2.87,17.2,0.37,1.71,65.32,Neutral,2026-02-10 18:26:16.577303+00:00,109.2,37.75,10,2026-02-10 17:46:30.320315+00:00
147,MTL.TO,17.47,18.68,21,16.25,6.9,Buy,Lowers,,18.68,1.48,13.27,0.93,4.81,115.34,Neutral,2026-02-10 18:26:17.044721+00:00,20.32,3.85,10,2026-02-10 17:46:30.800842+00:00
148,MX.TO,66.61,,,,0,Buy,Maintains,,,1.47,14.39,0.98,1.55,125.91,Neutral,2026-02-10 18:26:17.254922+00:00,107.07,13.24,10,2026-02-10 17:46:31.292636+00:00
149,NFI.TO,17.33,22.68,26.62,20.48,30.89,Strong buy,Raises,,22.68,3.62,10.46,0.61,,306.68,Undervalued,2026-02-10 18:26:17.718667+00:00,60.83,7,10,2026-02-10 17:46:31.777236+00:00
150,NG.TO,13.8,20.67,24,17,49.76,Strong buy,Lowers,,20.67,25.07,-73.43,1.63,,101.99,Undervalued,2026-02-10 18:26:18.311578+00:00,18,2.98,10,2026-02-10 17:46:32.307669+00:00
151,NGD.TO,15.34,17.76,17.76,17.76,15.77,Buy,Lowers,,17.76,7.17,12.51,1.62,,32.06,Undervalued,2026-02-10 18:26:18.618760+00:00,18.62,0.55,10,2026-02-10 17:46:32.775536+00:00
152,NGEX.TO,29.9,32.97,37.84,26.51,10.28,Buy,Raises,,32.97,47.39,-57.92,1.74,,,Neutral,2026-02-10 18:26:18.827199+00:00,31.82,0.24,10,2026-02-10 17:46:33.180543+00:00
153,NPI.TO,19.45,22.15,27,18,13.9,Buy,Raises,,22.15,1.35,14.21,0.58,5.79,174.38,Defensive/Safe,2026-02-10 18:26:19.252773+00:00,51.45,15.96,10,2026-02-10 17:46:33.646466+00:00
154,NTR.TO,96.33,91.17,110.22,62.43,-5.35,Buy,Raises,,91.16,1.36,14.67,1.14,3.19,56.38,Neutral,2026-02-10 18:26:19.657775+00:00,147.93,34.8,10,2026-02-10 17:46:34.126403+00:00
155,NVA.TO,19.04,18.03,,,-5.3,Hold,Raises,,18.03,1.51,10.93,0.84,,17.21,Neutral,2026-02-10 17:46:34.609067+00:00,19.08,0.24,10,2026-02-10 17:46:34.608988+00:00
156,NWC.TO,52.89,58.5,63,56,10.61,None,Maintains,,,3.16,13.06,0.47,3.1,58.45,Undervalued,2026-02-10 18:26:20.313159+00:00,57.95,16.06,10,2026-02-10 17:46:35.082994+00:00
157,NWH-UN.TO,5.84,5.94,7,5.5,1.73,Hold,Lowers,,5.94,0.9,6.08,1.29,6.25,110.52,High Potential,2026-02-10 18:26:20.601871+00:00,14.42,3.89,10,2026-02-10 17:46:35.554243+00:00
158,NXE.TO,15.76,18.46,24,15,17.14,Strong buy,Raises,,18.46,9.87,-115.97,1.78,,65.08,Neutral,2026-02-10 18:26:20.844902+00:00,18.91,0.69,10,2026-02-10 17:46:36.150076+00:00
159,OGC.TO,50.61,58.43,72.24,50.91,15.45,Buy,Raises,,58.42,4.23,8.99,1.24,0.33,2.61,Undervalued,2026-02-10 18:26:21.081249+00:00,54.02,3.48,10,2026-02-10 17:46:36.606902+00:00
160,OLA.TO,23.24,29.23,37.65,24.55,25.79,Buy,Lowers,,29.23,10.01,13.18,0.8,0.35,69.85,Undervalued,2026-02-10 18:26:21.348740+00:00,27.22,0.85,10,2026-02-10 17:46:37.023271+00:00
161,ONEX.TO,108.12,158,175,139,46.13,Buy,Maintains,,,0.63,5.82,1.19,0.38,0.41,Undervalued,2026-02-10 18:26:21.555587+00:00,131.38,37,10,2026-02-10 17:46:37.481347+00:00
162,OR.TO,57.5,68.59,87.18,57.63,19.29,Buy,Raises,,68.59,5.67,37.2,1.2,0.53,0.38,Undervalued,2026-02-10 18:26:21.857843+00:00,65.1,6.35,10,2026-02-10 17:46:38.011120+00:00
163,OTEX.TO,35.48,48.58,48.58,48.58,36.92,Hold,Lowers,,48.58,1.6,6.47,1.09,4.35,167.75,Undervalued,2026-02-10 18:26:22.251698+00:00,69.79,28.97,10,2026-02-10 17:46:38.456177+00:00
164,PAAS.TO,80.05,89.5,94.31,84.68,11.8,Buy,Raises,,89.49,3.74,18.9,1.24,0.98,13.32,Undervalued,2026-02-10 18:26:22.657083+00:00,95.39,7.85,10,2026-02-10 17:46:38.936769+00:00
165,PBH.TO,100.42,129.08,160,111,28.54,Buy,Raises,,129.08,2.67,13.81,0.72,3.36,201.7,Undervalued,2026-02-10 18:26:23.037515+00:00,137.75,35.78,10,2026-02-10 17:46:39.446582+00:00
166,PET.TO,29.05,38.82,45,34,33.63,Buy,Lowers,,38.82,25.22,16,0.75,1.65,1016.68,Undervalued,2026-02-10 18:26:23.298485+00:00,43.43,22.53,10,2026-02-10 17:46:39.900471+00:00
167,PEY.TO,24.82,25.64,28,23,3.29,Buy,Lowers,,25.64,1.81,10.91,0.36,5.24,44.84,Defensive/Safe,2026-02-10 18:26:23.541361+00:00,39.41,0.91,10,2026-02-10 17:46:40.425552+00:00
168,PMZ-UN.TO,17.21,18.86,20,17.5,9.59,Buy,Raises,,18.86,0.79,10.51,1.02,5.08,103.98,Undervalued,2026-02-10 18:26:24.019339+00:00,17.47,11.93,10,2026-02-10 17:46:40.834926+00:00
169,POU.TO,25.52,27.72,31,24,8.63,Buy,Raises,,27.72,1.36,7.71,0.88,2.33,0.99,Neutral,2026-02-10 18:26:24.256973+00:00,40.73,0.81,10,2026-02-10 17:46:41.321218+00:00
170,POW.TO,65.33,71.33,78,55,9.19,Hold,Raises,,71.33,1.78,11.84,1.02,3.76,46.72,Neutral,2026-02-10 18:26:24.467448+00:00,74.91,17.47,10,2026-02-10 17:46:41.767171+00:00
171,PPL.TO,58.52,58.61,67,50,0.16,Buy,Raises,,58.61,2.26,19.44,0.8,4.86,78.17,Defensive/Safe,2026-02-10 18:26:24.668873+00:00,60.72,15.27,10,2026-02-10 17:46:42.313280+00:00
172,PPTA.TO,39.56,47.91,49.66,46.19,21.1,Strong buy,Raises,,47.89,5.86,-505.51,0.2,,0.01,Undervalued,2026-02-10 18:26:24.883850+00:00,49,2.34,10,2026-02-10 17:46:42.786095+00:00
173,PSK.TO,29.58,32,35,28,8.18,Buy,Raises,,31.45,2.73,30.9,,3.43,9.61,Neutral,2026-02-10 18:26:25.096209+00:00,35.9,6.24,10,2026-02-10 17:46:43.260524+00:00
174,PXT.TO,20.73,21.5,24,20,3.71,Buy,Raises,,21.33,0.77,8.26,0.72,7.25,0.79,High Potential,2026-02-10 18:26:25.379406+00:00,30.44,7.74,10,2026-02-10 17:46:43.745411+00:00
175,QBR-B.TO,51.26,53.82,58,47,5,Buy,Raises,,53.82,4.72,12.36,0.54,2.76,290.09,Defensive/Safe,2026-02-10 18:26:25.984395+00:00,53.32,15.77,10,2026-02-10 17:46:44.225289+00:00
176,QSR.TO,95.84,104.25,112,88,8.78,Buy,Maintains,,104.75,6.8,16.5,0.59,3.55,306.72,Defensive/Safe,2026-02-10 18:26:26.219895+00:00,112.12,36.48,10,2026-02-10 17:46:44.701403+00:00
177,RBA.TO,160.51,128.98,128.98,128.98,-19.64,Buy,Lowers,,128.98,3.98,26.36,0.55,1.05,74.81,Overvalued,2026-02-10 18:26:26.465464+00:00,164.85,29.73,10,2026-02-10 17:46:45.207032+00:00
178,RCH.TO,43.27,42,43,41,-2.94,Hold,Raises,,40.5,2.47,19.91,0.93,1.46,28.7,Overvalued,2026-02-10 18:26:26.677902+00:00,51.52,20.03,10,2026-02-10 17:46:45.720512+00:00
179,RCI,37.7,41.79,51.95,36.97,10.85,Buy,Lowers,,41.79,1.57,10.32,0.85,3.97,190.28,Defensive/Safe,2026-02-10 18:26:26.887085+00:00,64.55,23.18,10,2026-02-10 17:46:46.224704+00:00
180,RCI-B.TO,51.09,60.65,74,50,18.72,Buy,Raises,,60.65,1.55,10.29,0.85,3.98,190.28,Defensive/Safe,2026-02-10 18:26:27.130675+00:00,80.85,32.42,10,2026-02-10 17:46:46.751697+00:00
181,REI-UN.TO,19.81,20.73,22.5,18,4.63,Buy,Lowers,,20.73,0.82,12.17,1.04,5.87,102.32,High Potential,2026-02-10 18:26:27.324203+00:00,30.35,12.41,10,2026-02-10 17:46:47.271579+00:00
182,RUS.TO,50.17,52.64,60,50,4.93,Buy,Raises,,52.64,1.72,13.26,1.21,3.45,28.9,Neutral,2026-02-10 18:26:27.532544+00:00,50.87,10.97,10,2026-02-10 17:46:47.773277+00:00
183,SAP.TO,41.4,43.95,51,26.5,6.17,Buy,Raises,,43.95,2.52,18.4,0.12,1.84,50.56,Neutral,2026-02-10 18:26:28.012812+00:00,48.98,22.59,10,2026-02-10 17:46:48.292339+00:00
184,SEA.TO,44.03,70.25,74.5,66,59.55,None,Maintains,,,4.33,-280.63,1.39,,55.3,Undervalued,2026-02-10 18:26:28.514067+00:00,52.01,7.37,10,2026-02-10 17:46:48.797907+00:00
185,SES.TO,18.03,20.28,23.5,18,12.47,Buy,Lowers,,20.28,5.07,16.67,0.92,2.2,130.8,Neutral,2026-02-10 18:26:28.760905+00:00,21.15,0.64,10,2026-02-10 17:46:49.488297+00:00
186,SHOP.TO,172.68,218.98,239.88,201.5,26.81,Buy,Raises,,218.89,13.15,73.66,2.82,,8.91,Undervalued,2026-02-10 18:26:29.064646+00:00,253.1,2.58,10,2026-02-10 17:46:50.057843+00:00
187,SIA.TO,22.15,23.27,24.5,22,5.07,Buy,Raises,,23.27,3.33,37.16,1.02,4.25,213.46,Neutral,2026-02-10 18:26:29.391445+00:00,22.48,8.85,10,2026-02-10 17:46:50.547314+00:00
188,SII.TO,164.56,163.5,186,130,-0.64,None,Raises,,150,9.01,35.34,1.14,1.35,,Neutral,2026-02-10 18:26:30.048000+00:00,192,16.7,10,2026-02-10 17:46:51.104003+00:00
189,SJ.TO,99.76,97.17,107,82.5,-2.6,Buy,Lowers,,97.17,2.66,14.43,0.36,1.26,74.03,Neutral,2026-02-10 18:26:30.655238+00:00,99.88,23.34,10,2026-02-10 17:46:51.717327+00:00
190,SKE.TO,45.28,47.4,60,30,4.68,Strong buy,Lowers,,47.4,61.11,-95.34,1.97,,72.4,Neutral,2026-02-10 18:26:30.917647+00:00,48.04,1.08,10,2026-02-10 17:46:52.293785+00:00
191,SLF.TO,88.52,92.79,104,75,4.82,Buy,Lowers,,92.79,2.11,10.99,0.82,4.21,51.12,Defensive/Safe,2026-02-10 18:26:31.156370+00:00,91.11,35.43,10,2026-02-10 17:46:52.838611+00:00
192,SOBO.TO,39.49,37.93,44.68,22.63,-3.96,Hold,Raises,,37.92,2.29,15.81,,7.02,220.12,Neutral,2026-02-10 18:26:31.948913+00:00,40.72,21.12,10,2026-02-10 17:46:53.251135+00:00
193,SPB.TO,7.43,9.05,11,7,21.8,Buy,Raises,,9.05,1.49,12.77,0.43,2.44,170.1,High Potential,2026-02-10 18:26:32.231140+00:00,16.24,5.15,10,2026-02-10 17:46:53.687413+00:00
194,SRU-UN.TO,27.29,27.95,30,26.5,2.42,Buy,Lowers,,27.95,0.76,13.7,0.87,6.82,82.6,High Potential,2026-02-10 18:26:32.493446+00:00,38.91,14.58,10,2026-02-10 17:46:54.176246+00:00
195,SSRM.TO,35.67,44.94,52.95,29.47,25.99,Buy,Raises,,44.93,1.59,7.31,0.54,,8.87,High Potential,2026-02-10 18:26:32.756920+00:00,38.88,5.1,10,2026-02-10 17:46:54.640040+00:00
196,STN.TO,139.6,170.64,183,157,22.23,Buy,Lowers,,170.64,4.93,22.67,0.84,0.65,83.84,Undervalued,2026-02-10 18:26:33.067805+00:00,160.05,26.67,10,2026-02-10 17:46:55.141799+00:00
197,SU.TO,73.43,74.4,85,60,1.32,Buy,Raises,,74.4,1.94,19.49,0.75,3.24,32,Defensive/Safe,2026-02-10 18:26:33.580447+00:00,75.5,14.02,10,2026-02-10 17:46:55.632197+00:00
198,TA.TO,17.76,23.45,27,14,32.06,Buy,Raises,,23.45,8.9,60.07,0.44,1.41,273.88,High Potential,2026-02-10 18:26:34.062441+00:00,25.03,3.6,10,2026-02-10 17:46:56.113638+00:00
199,TCL-A.TO,23.54,27.71,29,26,17.73,Buy,Raises,,27.71,1.03,20.95,0.78,3.84,42.46,Undervalued,2026-02-10 18:26:34.696378+00:00,32.89,9.5,10,2026-02-10 17:46:56.596538+00:00
200,TECK-B.TO,78.62,74.74,104,48,-4.94,Buy,Lowers,,74.74,1.54,24.75,1.5,0.64,37.33,Neutral,2026-02-10 18:26:35.459737+00:00,106.8,4.9,10,2026-02-10 17:46:57.063486+00:00
201,TFII.TO,168.2,152.31,177.53,121.42,-9.45,None,Raises,,152.28,3.84,21.26,1.39,1.57,113.48,Neutral,2026-02-10 18:26:35.672762+00:00,220.93,18.94,10,2026-02-10 17:46:57.549115+00:00
202,TFPM.TO,48.53,61.78,73.33,55.26,27.3,Buy,Raises,,61.77,3.7,30.7,0.05,0.65,0.73,Undervalued,2026-02-10 18:26:35.887416+00:00,54.79,10.5,10,2026-02-10 17:46:57.957624+00:00
203,TIH.TO,183.33,181.78,196,172,-0.85,Buy,Lowers,,181.78,4.71,26.08,0.8,1.14,26.6,Neutral,2026-02-10 18:26:36.391788+00:00,185.17,27.25,10,2026-02-10 17:46:58.438765+00:00
204,TOU.TO,60.67,70.22,77,52,15.74,Buy,Lowers,,70.22,1.43,14.63,0.41,3.24,10.85,Defensive/Safe,2026-02-10 18:26:36.665615+00:00,84.33,6.73,10,2026-02-10 17:46:58.912525+00:00
205,TPZ.TO,28.17,31.85,35,29,13.05,Strong buy,Lowers,,31.85,3.56,48.8,0.51,4.78,41.44,Undervalued,2026-02-10 18:26:37.199404+00:00,29.88,12.82,10,2026-02-10 17:46:59.396798+00:00
206,TRI.TO,123.64,192.89,284.58,153.95,56.01,Buy,Raises,,192.86,3.38,27.69,0.3,2.95,20.54,Undervalued,2026-02-10 18:26:37.415480+00:00,299.24,53.35,10,2026-02-10 17:46:59.871405+00:00
207,TRP.TO,81.52,79.55,93,63,-2.43,Buy,Lowers,,79.55,3.4,20.45,1,4.16,163.4,Neutral,2026-02-10 18:26:37.631760+00:00,82.8,41.51,10,2026-02-10 17:47:00.365837+00:00
208,TSU.TO,43.72,53.39,59,46.75,22.12,Buy,Lowers,,53.39,2.3,13.45,0.55,,17.44,Undervalued,2026-02-10 18:26:38.097276+00:00,49.43,6,10,2026-02-10 17:47:01.273119+00:00
209,TU,14.36,16.83,22,14,17.18,Buy,Raises,,16.83,1.9,18.21,0.82,8.57,171.49,Defensive/Safe,2026-02-10 18:26:38.311021+00:00,27.5,12.17,10,2026-02-10 17:47:01.753238+00:00
210,TVE.TO,9.38,9.72,11,8.5,3.68,Strong buy,Raises,,9.72,2.53,5.74,1.08,1.68,40.18,Neutral,2026-02-10 18:26:38.547986+00:00,9.76,0.39,10,2026-02-10 17:47:02.348345+00:00
211,TVK.TO,156.7,188.08,209,175,20.03,Buy,Raises,,188.08,4.71,25.8,0.46,0.5,130.02,Undervalued,2026-02-10 18:26:38.790411+00:00,176.64,5.77,10,2026-02-10 17:47:02.900460+00:00
212,TXG.TO,64.46,94.5,115,82,46.6,Strong buy,Raises,,94,2.18,9.58,1.19,0.9,13.54,Undervalued,2026-02-10 18:26:39.040164+00:00,84.61,7.29,10,2026-02-10 17:47:03.382838+00:00
213,VET.TO,13.96,14.64,18.5,13,4.84,Buy,Lowers,,14.64,0.79,-20.43,0.8,3.69,48.94,High Potential,2026-02-10 18:26:40.381375+00:00,58.98,2.2,10,2026-02-10 17:47:03.848811+00:00
214,WCN.TO,231.6,265.25,305.32,203.44,14.53,Buy,Raises,,265.15,5.36,30.25,0.62,0.84,110.68,Neutral,2026-02-10 18:26:40.602508+00:00,284.73,43.97,10,2026-02-10 17:47:04.385019+00:00
215,WCP.TO,12.75,13.94,16,13,9.31,Strong buy,Lowers,,13.94,1.42,15.92,0.8,5.68,32.7,Undervalued,2026-02-10 18:26:40.860988+00:00,12.93,0.73,10,2026-02-10 17:47:04.853399+00:00
216,WDO.TO,23.05,29.25,31,28,26.9,Buy,Raises,,29.12,4.19,8.03,0.76,,0.03,Undervalued,2026-02-10 18:26:41.117749+00:00,27.64,0.98,10,2026-02-10 17:47:05.301901+00:00
217,WFG.TO,103.02,107.09,108.91,105.28,3.95,Buy,Raises,,107.06,0.89,901.44,1.27,1.75,5.04,Undervalued,2026-02-10 18:26:41.556224+00:00,141.27,21.6,10,2026-02-10 17:47:05.836187+00:00
218,WMT,126.96,126.75,150,62,-0.16,Strong buy,Raises,,124.58,10.53,39.57,0.67,0.73,66.75,Neutral,2026-02-10 18:26:41.803901+00:00,131.79,20.07,10,2026-02-10 17:47:06.336902+00:00
219,WN.TO,100.52,102.88,115,70,2.34,None,Lowers,,102.88,7.88,19.58,0.59,1.18,177.31,Neutral,2026-02-10 18:26:42.059435+00:00,103.71,28,10,2026-02-10 17:47:06.926066+00:00
220,WPK.TO,48.96,48.83,52.64,46.3,-0.26,Buy,Raises,,48.83,1.67,13.31,0.05,0.41,1.14,Neutral,2026-02-10 18:26:42.315677+00:00,61.43,33.11,10,2026-02-10 17:47:07.489003+00:00
221,WPM.TO,194.51,224.97,259.43,175.9,15.66,Strong buy,Raises,,224.95,7.99,38.77,0.98,0.48,0.1,Neutral,2026-02-10 18:26:42.533187+00:00,214.41,14.51,10,2026-02-10 17:47:07.953249+00:00
222,WSP.TO,266.41,331.77,375,300,24.53,Strong buy,Lowers,,331.77,3.96,23.52,0.65,0.56,56.69,Undervalued,2026-02-10 18:26:42.789784+00:00,291.46,35.11,10,2026-02-10 17:47:08.437583+00:00
223,X.TO,46.03,61.25,70,52,33.07,Buy,Lowers,,62.62,2.69,22.28,0.16,1.89,44.2,Undervalued,2026-02-10 18:26:43.012538+00:00,57.98,7,10,2026-02-10 17:47:08.937110+00:00
224,AAPL,273.58,292.7,350,205,6.99,Buy,Raises,,292.7,45.61,27.8,1.11,0.38,152.41,Neutral,2026-02-10 18:25:35.079340+00:00,288.62,22.37,10,2026-02-10 17:47:09.447979+00:00
225,ABBV,224.4,245.33,289,184,9.33,Buy,Raises,,245.33,-150.1,15.51,0.33,2.98,,High Potential,2026-02-10 18:25:35.499646+00:00,244.81,50.71,10,2026-02-10 17:47:09.992975+00:00
226,ADBE,265.76,417.42,605,270,57.07,Buy,Lowers,,417.42,9.44,11.59,1.52,,57.27,Undervalued,2026-02-10 18:25:37.187040+00:00,699.54,71.27,10,2026-02-10 17:47:10.482113+00:00
227,AMD,215.38,288.5,365,210,33.95,Buy,Raises,,288.07,5.57,38.53,1.95,,6.37,High Potential,2026-02-10 18:25:38.850599+00:00,267.08,1.75,10,2026-02-10 17:47:10.993672+00:00
228,AMZN,208.42,283.49,360,175,36.02,Strong buy,Raises,,283.49,5.44,30.43,1.38,,43.4,High Potential,2026-02-10 18:25:39.069783+00:00,258.6,23.7,10,2026-02-10 17:47:11.456587+00:00
229,AVGO,342.36,458.59,535,370,33.95,Strong buy,Lowers,,458.59,5.78,22.95,1.22,0.76,166.03,Undervalued,2026-02-10 18:25:41.677754+00:00,414.61,11.43,10,2026-02-10 17:47:11.905840+00:00
230,BA,243.06,272.25,300,215,12.01,Buy,Raises,,270.04,35.01,106.44,1.14,,,Neutral,2026-02-10 18:25:42.139052+00:00,446.01,89,10,2026-02-10 17:47:12.378357+00:00
231,BRK-A,725490.1,768439.5,892758,695000,5.92,Hold,Maintains,,,1.5,20.27,0.71,,18.17,Neutral,2026-01-26 19:23:24.112947+00:00,812855,186900,10,2026-01-04 03:20:43.281921+00:00
232,C,120.58,134.62,150,104,11.64,Buy,Lowers,,134.62,1.1,9.54,1.14,1.94,,Neutral,2026-02-10 18:25:47.646519+00:00,125.16,32,10,2026-02-10 17:47:13.370881+00:00
233,CRM,194.19,327.86,475,223,68.83,Buy,Lowers,,327.86,3.05,17.54,1.28,0.86,19.38,Undervalued,2026-02-10 18:25:52.237688+00:00,369,52.6,10,2026-02-10 17:47:13.810109+00:00
234,CSCO,87.06,87.19,100,67,0.15,Buy,Lowers,,87.19,7.31,17.18,0.86,1.89,63.23,Neutral,2026-02-10 18:25:53.153184+00:00,88.18,22.46,10,2026-02-10 17:47:14.278690+00:00
235,CVX,182.57,181.67,212,162,-0.49,Buy,Lowers,,181.67,1.92,23.7,0.67,3.9,21.24,Defensive/Safe,2026-02-10 18:25:55.172947+00:00,189.68,51.6,10,2026-02-10 17:47:14.741735+00:00
236,DIS,110.02,130.55,160,77,18.66,Buy,Raises,,130.55,1.8,15.21,1.42,1.4,39.63,Neutral,2026-02-10 18:25:55.920033+00:00,203.02,78.73,10,2026-02-10 17:47:15.476475+00:00
237,GOOG,319.33,356.19,400,185,11.54,Strong buy,Lowers,,356.19,9.3,29.78,1.09,0.26,11.42,Neutral,2026-02-10 18:26:04.693356+00:00,350.15,33.15,10,2026-02-10 17:47:15.931827+00:00
238,HON,244.42,243.53,291,198,-0.37,Buy,Raises,,243.53,10.06,21.17,0.93,1.91,215.25,Neutral,2026-02-10 18:26:07.293100+00:00,244.26,89.21,10,2026-02-10 17:47:16.371155+00:00
239,IBM,293.87,324.95,390,218,10.58,Buy,Lowers,,324.95,8.43,24.17,0.69,2.27,237.83,Defensive/Safe,2026-02-10 18:26:08.747115+00:00,324.9,86.5,10,2026-02-10 17:47:16.810478+00:00
240,INTC,47.46,47.17,71.5,20.4,-0.6,Hold,Raises,,47.17,2.07,42.87,1.38,,37.28,Neutral,2026-02-10 18:26:10.345247+00:00,69.29,17.67,10,2026-02-10 17:47:17.318126+00:00
241,KO,76.57,79.8,88,71.38,4.22,Buy,Lowers,,79.8,10.54,22.6,0.36,2.62,144.77,Defensive/Safe,2026-02-10 18:26:12.481930+00:00,79.2,36.27,10,2026-02-10 17:47:17.817837+00:00
242,MA,541.35,661.83,756,520,22.26,Strong buy,Raises,,661.83,62.55,27.37,0.82,0.65,239.72,High Potential,2026-02-10 18:26:14.937172+00:00,601.77,78.52,10,2026-02-10 17:47:18.297394+00:00
243,META,673.5,859.85,1144,700,27.67,Strong buy,Lowers,,859.85,7.84,22.63,1.28,0.31,26.31,Undervalued,2026-02-10 18:26:15.662832+00:00,796.25,88.09,10,2026-02-10 17:47:18.828483+00:00
244,MSFT,416.78,599.86,730,392,43.93,Strong buy,Raises,,599.86,7.92,25.3,1.08,0.88,33.15,High Potential,2026-02-10 18:26:16.801080+00:00,555.45,48.04,10,2026-02-10 17:47:19.316458+00:00
245,NFLX,82.56,111.43,151.4,79,34.96,Buy,Lowers,,111.43,13.1,22.48,1.71,,63.78,High Potential,2026-02-10 18:26:17.949086+00:00,134.12,8,10,2026-02-10 17:47:19.787594+00:00
246,NKE,63.48,76.34,120,35,20.26,Buy,Raises,,76.34,6.67,28.14,1.28,2.63,80.1,High Potential,2026-02-10 18:26:19.037904+00:00,179.1,49.01,10,2026-02-10 17:47:20.262767+00:00
247,NVDA,189.48,253.62,352,140,33.85,Strong buy,Raises,,253.62,38.73,24.28,2.31,0.02,9.1,High Potential,2026-02-10 18:26:20.106482+00:00,212.19,0.62,10,2026-02-10 17:47:20.727050+00:00
248,PFE,27.51,28.63,35.46,23,4.05,Buy,Lowers,,28.63,1.69,8.69,0.44,6.36,66.53,Defensive/Safe,2026-02-10 18:26:23.772972+00:00,61.71,20.92,10,2026-02-10 17:47:21.202924+00:00
249,PYPL,41.62,53,100,34,27.34,Hold,Lowers,,53.28,1.89,9.87,1.42,1.36,60.24,High Potential,2026-02-10 18:26:25.610991+00:00,310.16,30.52,10,2026-02-10 17:47:21.707117+00:00
250,SBUX,99.06,99.77,120,74,0.72,Buy,Raises,,99.77,-13.45,32.49,0.94,2.51,,High Potential,2026-02-10 18:26:28.278060+00:00,126.32,47.37,10,2026-02-10 17:47:22.154818+00:00
251,TSLA,423.89,419.26,600,125,-1.09,Buy,Raises,,419.26,19.36,201.64,1.89,,17.08,Neutral,2026-02-10 18:26:37.870197+00:00,498.83,9.4,10,2026-02-10 17:47:22.607529+00:00
252,UBER,73.62,105.46,150,72,43.24,Buy,Lowers,,105.46,5.65,19.78,1.21,,45.76,High Potential,2026-02-10 18:26:39.245419+00:00,101.99,13.71,10,2026-02-10 17:47:23.109925+00:00
253,UNH,275.22,364.62,440,255,32.48,Buy,Raises,,364.62,2.5,19.73,0.42,3.21,75.73,High Potential,2026-02-10 18:26:39.490508+00:00,630.73,107.51,10,2026-02-10 17:47:23.621994+00:00
254,V,327.97,400.41,450,323,22.09,Strong buy,Lowers,,400.41,16.37,22.61,0.78,0.82,68.81,High Potential,2026-02-10 18:26:39.981855+00:00,375.51,66.12,10,2026-02-10 17:47:24.092946+00:00
255,WEED.TO,1.52,3.2,8,1.4,110.53,Hold,Raises,,3.2,0.74,18,2.4,,35.24,High Potential,2026-02-10 18:26:41.341610+00:00,766.8,1.09,10,2026-02-10 17:47:24.558457+00:00
256,AD-UN.TO,22.45,26.88,29,23,19.71,Buy,Lowers,,26.88,0.89,,1.45,6.64,,Undervalued,2026-02-10 18:25:36.840275+00:00,31.2,5.83,10,2026-02-10 17:47:25.039301+00:00
